A,B,result
Magnetic_field,Inertial_frame_of_reference,0
Gravitational_acceleration,Position_(vector),1
Energy,Planet,0
Mechanical_energy,Gravitational_field,0
Physics,Electric_potential_energy,0
Newton's_laws_of_motion,Motion,0
Motion_graphs_and_derivatives,Acceleration,0
Speed,Length,0
Energy,Intensity_(physics),0
Snell's_law,Refractive_index,1
Hooke's_law,Work_(physics),0
Acceleration,Displacement_(vector),1
Physics,Collision,0
Electron,Mechanical_energy,0
Mass,Wave,0
Potential_energy,Gravity,0
Refractive_index,Electric_field,0
Hardness,Elasticity_(physics),1
Photoelectric_effect,Collision,0
Refractive_index,Reflection_(physics),0
Shock_wave,Wave,1
Projectile_motion,Gravity,1
Non-inertial_reference_frame,Frame_of_reference,1
Diffraction,Field_(physics),0
Intensity_(physics),Energy,1
Electrical_conductor,Electromagnetic_spectrum,0
Magnetic_field,Velocity,0
Crest_(physics),Doppler_effect,0
Wave,Reflection_(physics),0
Energy,Collision,0
Sound_intensity,Wave,0
Refractive_index,Scattering,0
Physics,Stiffness,0
Magnetic_field,Relative_velocity,0
Snell's_law,Speed,1
Electric_potential,Joule,0
Temperature,Physics,0
Energy_level,Temperature,0
Velocity,Doppler_effect,0
Normal_force,Velocity,0
Electromagnetic_radiation,Velocity,0
Magnetism,Electric_current,0
Electric_potential,Magnetic_field,0
Newton's_law_of_universal_gravitation,Physics,1
Position_(vector),Acceleration,0
Refractive_index,Wave,1
Physics,Snell's_law,0
Energy,Joule,0
Electromotive_force,Voltage,1
Diffraction,Scattering,0
Plane_mirror,Length,0
Capacitance,Coulomb,0
Dielectric,Voltage,0
Refractive_index,Refraction,1
Magnetism,Field_line,0
Energy_level,Energy,1
Distance,Optical_microscope,0
Elastic_collision,Kinetic_energy,1
Electrostatics,Electric_current,0
Displacement_(vector),Mass,0
Projectile_motion,Speed,1
Electron,Electroscope,0
Electroscope,Electrostatics,0
Intensity_(physics),Light,0
Electron,Frequency,0
Angle_of_incidence,Ray_(optics),0
Temperature,Absorption_spectroscopy,0
Newton's_laws_of_motion,Collision,0
Mirror_image,Reflection_(physics),1
Laser,Absorption_spectroscopy,0
Work_(physics),Potential_energy,0
Voltage,Electromotive_force,0
Absorption_spectroscopy,Wavelength,1
Position_(vector),Force,0
Acceleration,Work_(physics),0
Reflection_(physics),Total_internal_reflection,0
Power_(physics),Energy,1
Absorption_spectroscopy,Planet,0
Refractive_index,Laser,0
Gravity,Doppler_effect,0
Amplitude,Doppler_effect,0
Wave,Tension_(physics),0
Intensity_(physics),Velocity,0
Gravity_of_Earth,Torque,0
Deformation_(engineering),Elasticity_(physics),0
Acceleration,Electric_potential,0
Work_(physics),Position_(vector),1
Magnetic_field,Mirror_image,0
Electromagnetic_spectrum,Wavelength,1
Emission_spectrum,Frequency,1
Potential_energy,Power_(physics),0
Specular_reflection,Wave,1
Energy,Power_(physics),0
Le_Sage's_theory_of_gravitation,Collision,0
Specular_reflection,Euclidean_vector,0
Electron,Absorption_spectroscopy,0
Total_internal_reflection,Light,1
Physics,Rarefaction,0
Plasticity_(physics),Hardness,0
Physics,Gravitational_acceleration,0
Speed,Magnetic_field,0
Energy_level,Physics,1
Magnetic_field,Magnet,1
Elasticity_(physics),Wave,0
Phase_velocity,Dispersion_(optics),0
Physics,Wavelength,0
Fracture,Strength_of_materials,0
Diffraction,Wave,1
Free_fall,Displacement_(vector),1
Force,Sound_intensity,0
Wavelength,Dispersion_(optics),0
Temperature,Electrical_resistance_and_conductance,0
Magnetic_field,Absorption_spectroscopy,0
Field_(physics),Planet,0
Le_Sage's_theory_of_gravitation,Speed,1
Inelastic_collision,Physics,1
Energy,Sound_intensity,0
Energy_level,Wavelength,0
Electromagnetic_radiation,Magnet,1
Euclidean_vector,Electrostatics,0
Friction,Hooke's_law,0
Le_Sage's_theory_of_gravitation,Elastic_collision,0
Hertz,Velocity,0
Doppler_effect,Speed,1
Newton's_law_of_universal_gravitation,Gravitational_constant,0
Wave,Transverse_wave,0
Refractive_index,Speed,1
Laser,Doppler_effect,0
Acceleration,Non-inertial_reference_frame,0
Magnetic_field,Electric_current,1
Newton's_law_of_universal_gravitation,Gravitational_field,0
Potential_energy,Torque,0
Gravitational_acceleration,Force,1
Free_fall,Physics,1
Photoelectric_effect,Kinetic_energy,0
Position_(vector),Motion_(physics),0
Energy,Electromotive_force,0
Dispersion_(optics),Light,1
Newton's_laws_of_motion,Gravity_of_Earth,0
Light,Wavelength,0
Force,Plasticity_(physics),0
Newton's_law_of_universal_gravitation,Kilogram,0
Doppler_effect,Physics,1
Total_internal_reflection,Laser,0
Electrical_conductor,Metre,0
Telescope,Reflection_(physics),0
Energy,Hertz,0
Wavelength,Interference_(wave_propagation),0
Magnet,Electric_field,0
Work_(physics),Joule,0
Non-inertial_reference_frame,Motion_(physics),1
Photoelectric_effect,Hertz,0
Inertial_frame_of_reference,Collision,0
Light,Plane_mirror,0
Speed,Snell's_law,0
Electromotive_force,Physics,1
Magnification,Refracting_telescope,0
Force,Projectile_motion,0
Force,Hardness,0
Snell's_law,Velocity,0
Velocity,Elastic_collision,0
Power_(physics),Kilogram,0
Magnetic_field,Energy,0
Joule,Mechanical_energy,0
Speed,Motion_(physics),1
Mass,Electron,0
Force,Potential_energy,0
Virtual_image,Ray_(optics),1
Electric_field,Mass,0
Refractive_index,Temperature,0
Field_line,Magnetic_field,0
Newton's_laws_of_motion,Work_(physics),0
Equations_of_motion,Motion_(physics),1
Electrostatics,Field_line,0
Diffraction,Huygens–Fresnel_principle,0
Force,Elasticity_(physics),0
Energy,Potential_energy,0
Electric_field,Coulomb,0
Electric_field,Electric_current,0
Wave,Total_internal_reflection,0
Frequency,Energy,0
Lever,Length,0
Physics,Transmission_medium,0
Intensity_(physics),Laser,0
Magnetism,Length,0
Light,Refracting_telescope,0
Physics,Shock_wave,0
Photoelectric_effect,Electromagnetic_radiation,0
Dielectric,Hertz,0
Magnetic_field,Voltage,0
Tension_(physics),Mass,0
Interference_(wave_propagation),Electron,0
Euclidean_vector,Force,0
Contact_force,Force,1
Standing_wave,Frequency,1
Magnetic_field,Dielectric,0
Interference_(wave_propagation),Huygens–Fresnel_principle,0
Amplitude,Refractive_index,0
Specular_reflection,Refractive_index,0
Speed,Electron,0
Gravitational_acceleration,Planet,0
Distance,Free_fall,0
Acceleration,Velocity,1
Velocity,Metre,0
Capacitance,Voltage,1
Refractive_index,Mass,0
Electrostatics,Electrical_conductor,0
Sonic_boom,Physics,1
Frame_of_reference,Electromagnetic_spectrum,0
Capacitor,Laser,0
Ohm,Coulomb,0
Electric_field,Physics,1
Magnetic_field,Torque,0
Physics,Displacement_(vector),0
Intensity_(physics),Wave,0
Wave,Energy,0
Capacitor,Dielectric,0
Geometrical_optics,Snell's_law,0
Wave,Doppler_effect,0
Ohm's_law,Voltage,1
Power_(physics),Intensity_(physics),0
Le_Sage's_theory_of_gravitation,Energy,0
Capacitance,Electric_current,0
Hooke's_law,Stiffness,0
Electromagnetic_spectrum,Electric_field,1
Physics,Emission_spectrum,0
Total_internal_reflection,Physics,1
Snell's_law,Motion_(physics),1
Motion_(physics),Energy,0
Energy,Sonic_boom,0
Magnetic_field,Gravity_of_Earth,0
Electron,Electromagnetic_radiation,0
Acceleration,Torque,0
Physics,Electric_field,0
Diffraction,Interference_(wave_propagation),0
Fatigue_(material),Deformation_(engineering),1
Force,Stiffness,0
Distance,Gravity_of_Earth,0
Electric_potential,Force,1
Electric_charge,Capacitance,0
Friction,Mass,0
Elastic_collision,Physics,1
Free_fall,Gravitational_field,0
Energy,Laser,0
Electric_field,Wavelength,0
Elasticity_(physics),Hardness,0
Force,Elastic_collision,0
Refraction,Absorption_spectroscopy,0
Refraction,Electromagnetic_spectrum,0
Electric_potential_energy,Field_(physics),1
Newton's_laws_of_motion,Contact_force,0
Coulomb's_law,Dielectric,0
Projectile_motion,Velocity,1
Electron,Distance,0
Le_Sage's_theory_of_gravitation,Wavelength,0
Collision,Le_Sage's_theory_of_gravitation,0
Gravity_of_Earth,Force,1
Magnetic_field,Potential_energy,0
Intensity_(physics),Physics,1
Electric_field,Force,0
Physics,Wave,0
Refractive_index,Snell's_law,0
Amplitude,Huygens–Fresnel_principle,0
Motion_(physics),Electrostatics,0
Acceleration,Field_(physics),0
Scattering,Velocity,0
Hardness,Deformation_(engineering),1
Electron,Specular_reflection,0
Standing_wave,Voltage,0
Doppler_effect,Wavelength,1
Diffraction,Dispersion_(optics),0
Inelastic_collision,Elastic_collision,0
Magnetism,Coulomb,0
Gravitational_acceleration,Gravity,1
Refractive_index,Telescope,0
Energy,Mechanical_energy,0
Elastic_collision,Energy,1
Wave,Intensity_(physics),0
Mass,Distance,0
Equations_of_motion,Field_(physics),0
Displacement_(vector),Work_(physics),0
Kinetic_energy,Mechanical_energy,0
Gravitational_field,Newton's_law_of_universal_gravitation,1
Velocity,Wave,0
Mirror_image,Distance,0
Gravity,Gravitational_acceleration,0
Potential_energy,Euclidean_vector,1
Wave,Elasticity_(physics),0
Pitch_(music),Hertz,0
Speed,Shock_wave,0
Doppler_effect,Frequency,1
Speed,Electromagnetic_spectrum,0
Electron,Electrostatics,0
Electric_potential,Coulomb's_law,1
Euclidean_vector,Gravitational_acceleration,0
Frequency,Doppler_effect,0
Fracture,Elasticity_(physics),0
Temperature,Kilogram,0
Distance,Elastic_collision,0
Gravitational_acceleration,Motion_(physics),1
Physics,Doppler_effect,0
Potential_energy,Metre,0
Displacement_(vector),Distance,1
Displacement_(vector),Projectile_motion,0
Electric_potential,Capacitance,0
Motion_(physics),Newton's_laws_of_motion,0
Speed,Rarefaction,0
Pigment,Wavelength,0
Wave,Physics,1
Temperature,Wavelength,0
Interference_(wave_propagation),Crest_(physics),0
Wave,Electromagnetic_spectrum,0
Electrical_conductor,Electric_current,1
Motion_(physics),Elastic_collision,0
Inertial_frame_of_reference,Velocity,0
Work_(physics),Electrostatics,0
Force,Magnet,0
Force,Torque,0
Absorption_spectroscopy,Energy,1
Motion_(physics),Inertial_frame_of_reference,0
Capacitance,Distance,0
Coulomb's_law,Emission_spectrum,0
Position_(vector),Free_fall,0
Deformation_(engineering),Creep_(deformation),0
Shock_wave,Energy,1
Electrical_resistance_and_conductance,Energy,0
Motion_(physics),Mass,0
Magnet,Euclidean_vector,0
Voltage,Electric_current,0
Snell's_law,Light,1
Magnetism,Physics,1
Force,Creep_(deformation),0
Dielectric,Velocity,0
Velocity,Speed,0
Energy,Temperature,0
Euclidean_vector,Gravity_of_Earth,0
Electrical_conductor,Electroscope,0
Electrical_resistance_and_conductance,Ohm,0
Amplitude,Voltage,0
Energy,Dielectric,0
Wave,Mass,0
Energy,Equations_of_motion,0
Physics,Contact_force,0
Energy,Transverse_wave,0
Magnet,Mass,0
Speed,Gravity_of_Earth,0
Energy,Electrostatics,0
Gravitational_acceleration,Physics,1
Gravity,Physics,1
Mirror_image,Length,0
Diffraction,Specular_reflection,0
Projectile_motion,Motion_(physics),1
Potential_energy,Work_(physics),1
Motion_(physics),Temperature,0
Photoelectric_effect,Color,0
Deformation_(engineering),Hardness,0
Intensity_(physics),Speed,0
Electric_potential_energy,Coulomb,0
Specular_reflection,Refraction,0
Refractive_index,Frequency,0
Lever,Energy,0
Electromagnetic_radiation,Laser,0
Emission_spectrum,Magnet,1
Snell's_law,Telescope,0
Velocity,Equations_of_motion,0
Electron,Electrical_conductor,0
Interference_(wave_propagation),Ray_(optics),0
Energy,Energy_level,0
Refraction,Length,0
Joule,Coulomb,0
Dielectric,Coulomb's_law,1
Magnetism,Force,1
Sonic_boom,Wave,1
Series_and_parallel_circuits,Ohm's_law,1
Wave,Frequency,0
Creep_(deformation),Force,1
Telescope,Optical_microscope,0
Stiffness,Hooke's_law,0
Ohm,Electromotive_force,0
Kinetic_energy,Physics,1
Electrostatics,Electric_field,1
Physics,Electromagnetic_spectrum,0
Electron,Potential_energy,0
Torque,Speed,0
Scattering,Wavelength,1
Electric_potential,Motion_(physics),1
Electrostatics,Motion_(physics),1
Emission_spectrum,Magnetic_field,1
Force,Emission_spectrum,0
Hooke's_law,Mass,0
Sonic_boom,Hertz,0
Photoelectric_effect,Light,1
Displacement_(vector),Free_fall,0
Electron,Le_Sage's_theory_of_gravitation,0
Force,Electrostatics,0
Elasticity_(physics),Energy,0
Energy,Emission_spectrum,0
Elastic_collision,Distance,1
Torque,Lever,1
Amplitude,Distance,0
Frequency,Interference_(wave_propagation),0
Tension_(physics),Physics,1
Color,Dispersion_(optics),0
Physics,Newton's_law_of_universal_gravitation,0
Diffraction,Wavelength,0
Gravitational_constant,Newton's_law_of_universal_gravitation,1
Motion_(physics),Gravity_of_Earth,0
Field_(physics),Dielectric,0
Magnetic_field,Temperature,0
Tension_(physics),Compression_(physics),0
Electric_potential,Gravity,0
Specular_reflection,Light,1
Ray_(optics),Light,1
Distance,Lever,0
Force,Length,0
Physics,Refractive_index,0
Refractive_index,Color,0
Total_internal_reflection,Wave,1
Total_internal_reflection,Reflection_(physics),1
Sound,Sound_intensity,0
Torque,Energy,0
Electrical_resistance_and_conductance,Metre,0
Field_(physics),Electrostatics,0
Gravity_of_Earth,Free_fall,0
Position_(vector),Electric_potential,0
Diffraction,Transverse_wave,0
Dielectric,Reflection_(physics),0
Interference_(wave_propagation),Energy,0
Force,Inelastic_collision,0
Mirror_image,Physics,1
Energy,Electromagnetic_radiation,0
Magnetism,Field_(physics),0
Friction,Deformation_(engineering),0
Temperature,Velocity,0
Elasticity_(physics),Strength_of_materials,0
Gravity_of_Earth,Motion_(physics),1
Displacement_(vector),Position_(vector),1
Intensity_(physics),Power_(physics),1
Physics,Motion_graphs_and_derivatives,0
Magnetic_field,Physics,1
Curved_mirror,Geometrical_optics,0
Interference_(wave_propagation),Standing_wave,0
Physics,Elastic_collision,0
Speed,Inelastic_collision,0
Energy,Mirror_image,0
Wave,Dispersion_(optics),0
Distance,Physics,0
Force,Fatigue_(material),0
Mass,Collision,0
Electromotive_force,Magnetic_field,1
Electromagnetic_radiation,Energy,1
Normal_force,Physics,1
Electric_field,Wave,0
Speed,Refraction,0
Gravity_of_Earth,Newton's_law_of_universal_gravitation,0
Refraction,Snell's_law,0
Dielectric,Energy,1
Sound_intensity,Velocity,0
Electromagnetic_radiation,Transverse_wave,0
Gravitational_field,Mass,1
Magnification,Virtual_image,0
Motion_(physics),Force,0
Dielectric,Physics,1
Mass,Gravity_of_Earth,0
Voltmeter,Voltage,1
Transmission_medium,Electromagnetic_spectrum,0
Shock_wave,Velocity,0
Electric_field,Electric_potential,0
Position_(vector),Electric_potential_energy,0
Hertz,Kilogram,0
Electron,Field_(physics),0
Joule,Velocity,0
Insulator_(electricity),Dielectric,0
Mass,Velocity,0
Force,Le_Sage's_theory_of_gravitation,0
Force,Direction_(geometry),0
Inelastic_collision,Mass,1
Electromagnetic_spectrum,Coulomb's_law,1
Doppler_effect,Relative_velocity,1
Snell's_law,Wavelength,1
Speed,Dielectric,0
Magnet,Force,0
Physics,Energy,0
Mass,Absorption_spectroscopy,0
Acceleration,Energy,0
Joule,Torque,0
Sound_intensity,Physics,1
Scalar_multiplication,Scalar_(mathematics),1
Velocity,Length,0
Velocity,Mechanical_energy,0
Amplitude,Electromagnetic_spectrum,0
Standing_wave,Amplitude,1
Electron,Dielectric,0
Refracting_telescope,Refraction,1
Dispersion_(optics),Refracting_telescope,0
Voltage,Power_(physics),0
Equations_of_motion,Length,0
Electric_current,Electrical_resistance_and_conductance,0
Emission_spectrum,Electric_current,1
Amplitude,Electrical_resistance_and_conductance,0
Distance,Equations_of_motion,0
Absorption_spectroscopy,Electromagnetic_spectrum,0
Electrical_resistance_and_conductance,Ohm's_law,1
Motion_(physics),Power_(physics),0
Le_Sage's_theory_of_gravitation,Mass,1
Wavelength,Doppler_effect,0
Wave,Length,0
Normal_force,Force,1
Telescope,Electromagnetic_radiation,0
Curved_mirror,Reflection_(physics),0
Voltage,Coulomb,0
Friction,Normal_force,0
Physics,Hardness,0
Euclidean_vector,Inertial_frame_of_reference,0
Voltage,Electrical_resistance_and_conductance,0
Distance,Doppler_effect,0
Coulomb's_law,Electric_field,0
Electromagnetic_radiation,Dispersion_(optics),0
Displacement_(vector),Potential_energy,0
Equations_of_motion,Force,1
Friction,Physics,1
Gravitational_acceleration,Displacement_(vector),1
Specular_reflection,Mirror_image,0
Electromagnetic_spectrum,Reflection_(physics),0
Electron,Refractive_index,0
Electric_potential,Gravitational_field,0
Coulomb's_law,Electric_potential_energy,0
Magnet,Electromagnetic_spectrum,0
Plasticity_(physics),Hooke's_law,0
Snell's_law,Total_internal_reflection,0
Physics,Diffraction,0
Electromotive_force,Joule,0
Deformation_(engineering),Strength_of_materials,0
Virtual_image,Plane_mirror,0
Total_internal_reflection,Refraction,1
Magnetic_field,Coulomb,0
Sonic_boom,Mass,0
Gravitational_constant,Physics,1
Equations_of_motion,Torque,0
Electromagnetic_spectrum,Metre,0
Motion_(physics),Acceleration,0
Angle_of_incidence,Reflection_(physics),0
Intensity_(physics),Sound_intensity,0
Doppler_effect,Wave,1
Electric_field,Electric_potential_energy,0
Magnetic_field,Hertz,0
Motion_graphs_and_derivatives,Euclidean_vector,1
Capacitance,Energy,0
Wave,Dielectric,0
Force,Kilogram,0
Shock_wave,Force,0
Interference_(wave_propagation),Electromagnetic_spectrum,0
Virtual_image,Optical_microscope,0
Motion_(physics),Velocity,0
Free_fall,Gravitational_acceleration,1
Hooke's_law,Distance,0
Transverse_wave,Physics,1
Field_(physics),Emission_spectrum,0
Refractive_index,Wavelength,0
Le_Sage's_theory_of_gravitation,Velocity,0
Speed,Collision,0
Electron,Dispersion_(optics),0
Electromagnetic_radiation,Magnetic_field,1
Inertial_frame_of_reference,Speed,1
Acceleration,Electromagnetic_radiation,0
Specular_reflection,Angle_of_incidence,1
Magnet,Length,0
Mechanical_energy,Position_(vector),1
Euclidean_vector,Free_fall,0
Intensity_(physics),Interference_(wave_propagation),0
Wave,Le_Sage's_theory_of_gravitation,0
Voltage,Electric_potential,0
Newton's_laws_of_motion,Newton's_law_of_universal_gravitation,0
Acceleration,Direction_(geometry),0
Photoelectric_effect,Voltage,0
Force,Physics,1
Energy,Absorption_spectroscopy,0
Physics,Electric_potential,0
Gravity,Force,1
Inelastic_collision,Velocity,0
Speed,Mass,0
Sonic_boom,Sound,1
Coulomb's_law,Electromagnetic_spectrum,0
Energy,Physics,1
Gravitational_field,Distance,1
Physics,Projectile_motion,0
Power_(physics),Velocity,0
Gravity_of_Earth,Kilogram,0
Hooke's_law,Wave,0
Acceleration,Newton's_law_of_universal_gravitation,0
Kinetic_energy,Force,0
Magnet,Electrical_resistance_and_conductance,0
Energy,Projectile_motion,0
Motion_(physics),Magnetism,0
Torque,Distance,0
Strength_of_materials,Force,1
Electric_potential_energy,Energy,1
Displacement_(vector),Velocity,0
Magnet,Field_(physics),0
Voltage,Voltmeter,0
Diffraction,Optical_microscope,0
Energy,Electric_potential_energy,0
Amplitude,Power_(physics),0
Laser,Power_(physics),0
Distance,Electric_potential_energy,0
Le_Sage's_theory_of_gravitation,Laser,0
Torque,Length,0
Projectile_motion,Euclidean_vector,1
Electroscope,Capacitance,0
Dispersion_(optics),Phase_velocity,1
Gravity_of_Earth,Physics,1
Photoelectric_effect,Electric_field,0
Energy_level,Potential_energy,0
Physics,Non-inertial_reference_frame,0
Wave,Interference_(wave_propagation),0
Interference_(wave_propagation),Frequency,1
Light,Hertz,0
Elasticity_(physics),Hooke's_law,0
Reflection_(physics),Wavelength,0
Joule,Power_(physics),0
Specular_reflection,Wavelength,0
Electromagnetic_radiation,Metre,0
Magnetism,Electron,0
Motion_graphs_and_derivatives,Physics,1
Collision,Planet,0
Gravitational_acceleration,Inertial_frame_of_reference,0
Friction,Velocity,0
Le_Sage's_theory_of_gravitation,Force,1
Electron,Reflection_(physics),0
Temperature,Magnetism,0
Electron,Kilogram,0
Potential_energy,Electric_potential_energy,0
Free_fall,Metre,0
Electromotive_force,Voltmeter,0
Friction,Coulomb,0
Intensity_(physics),Force,1
Deformation_(engineering),Fatigue_(material),0
Wave,Electron,0
Work_(physics),Planet,0
Newton's_law_of_universal_gravitation,Velocity,0
Relative_velocity,Velocity,1
Energy,Wavelength,0
Free_fall,Planet,0
Telescope,Planet,0
Hooke's_law,Length,1
Position_(vector),Potential_energy,0
Electromagnetic_spectrum,Magnetic_field,1
Potential_energy,Energy,1
Electrostatics,Euclidean_vector,1
Speed,Work_(physics),0
Motion_graphs_and_derivatives,Displacement_(vector),1
Electrostatics,Electric_potential_energy,1
Displacement_(vector),Electrostatics,0
Force,Mechanical_energy,0
Voltage,Electric_field,0
Electrostatics,Coulomb's_law,1
Gravitational_acceleration,Euclidean_vector,1
Crest_(physics),Frequency,0
Dielectric,Frequency,0
Electric_potential,Electroscope,0
Shock_wave,Magnetic_field,0
Hooke's_law,Dielectric,0
Physics,Motion_(physics),0
Newton's_law_of_universal_gravitation,Free_fall,0
Mass,Elastic_collision,0
Electron,Electromagnetic_spectrum,0
Acceleration,Motion_(physics),1
Gravity,Gravitational_field,0
Light,Reflection_(physics),0
Magnetism,Magnetic_field,0
Energy_level,Emission_spectrum,0
Physics,Lever,0
Resonance_(particle_physics),Scattering,0
Energy,Tension_(physics),0
Kinetic_energy,Elastic_collision,0
Wavelength,Scattering,0
Capacitance,Length,0
Energy_level,Absorption_spectroscopy,0
Acceleration,Photoelectric_effect,0
Strength_of_materials,Hardness,0
Wave,Force,0
Electron,Contact_force,0
Friction,Electron,0
Electromagnetic_radiation,Electric_field,1
Distance,Electric_potential,0
Gravity_of_Earth,Euclidean_vector,1
Magnetism,Le_Sage's_theory_of_gravitation,0
Snell's_law,Wave,1
Ray_(optics),Snell's_law,0
Light,Mirror_image,0
Displacement_(vector),Physics,1
Velocity,Gravity_of_Earth,0
Refracting_telescope,Wave,1
Position_(vector),Euclidean_vector,1
Hooke's_law,Torque,0
Crest_(physics),Physics,1
Field_(physics),Electromotive_force,0
Angle_of_incidence,Total_internal_reflection,0
Gravitational_acceleration,Energy,0
Inertial_frame_of_reference,Physics,1
Pigment,Color,1
Magnetism,Capacitance,0
Wavelength,Snell's_law,0
Euclidean_vector,Position_(vector),0
Rarefaction,Wave,1
Distance,Acceleration,0
Electric_potential_energy,Force,1
Electric_potential_energy,Electric_potential,0
Electron,Electromotive_force,0
Hardness,Kilogram,0
Electrical_conductor,Electrical_resistance_and_conductance,0
Elastic_collision,Collision,1
Physics,Reflection_(physics),0
Newton's_law_of_universal_gravitation,Electric_field,0
Emission_spectrum,Wavelength,1
Snell's_law,Ray_(optics),1
Sound_intensity,Distance,0
Friction,Force,1
Friction,Hardness,0
Transmission_medium,Wave,1
Deformation_(engineering),Plasticity_(physics),0
Tangential_and_normal_components,Euclidean_vector,0
Magnetic_field,Mass,0
Force,Tension_(physics),0
Electron,Field_line,0
Light,Photoelectric_effect,0
Speed,Magnetism,0
Energy,Elastic_collision,0
Friction,Temperature,0
Torque,Gravity,0
Capacitor,Insulator_(electricity),0
Power_(physics),Physics,1
Electric_current,Electromagnetic_radiation,0
Scalar_(mathematics),Distance,0
Fracture,Hardness,0
Electromotive_force,Force,1
Magnetic_field,Wave,0
Wave,Motion_(physics),0
Velocity,Work_(physics),0
Friction,Torque,0
Speed,Distance,1
Amplitude,Standing_wave,0
Electromagnetic_spectrum,Wave,1
Physics,Electromagnetic_radiation,0
Speed,Physics,1
Coulomb's_law,Coulomb,0
Dielectric,Electromagnetic_spectrum,0
Electrostatics,Energy,1
Hooke's_law,Deformation_(engineering),1
Wave,Magnet,0
Energy,Creep_(deformation),0
Electromotive_force,Magnet,1
Electrostatics,Work_(physics),1
Speed,Magnet,0
Electric_field,Coulomb's_law,1
Frequency,Hooke's_law,0
Physics,Electrical_conductor,0
Wave,Photoelectric_effect,0
Electroscope,Coulomb's_law,0
Energy,Mass,0
Ray_(optics),Diffraction,0
Frequency,Metre,0
Speed,Equations_of_motion,0
Creep_(deformation),Deformation_(engineering),1
Wavelength,Speed,0
Motion_(physics),Mechanical_energy,0
Speed,Projectile_motion,0
Wavelength,Absorption_spectroscopy,0
Mass,Wavelength,0
Motion_(physics),Projectile_motion,0
Shock_wave,Physics,1
Energy,Dispersion_(optics),0
Physics,Friction,0
Specular_reflection,Physics,1
Electromagnetic_spectrum,Force,1
Speed,Elastic_collision,0
Projectile_motion,Position_(vector),1
Electromotive_force,Electric_potential,0
Mechanical_energy,Displacement_(vector),1
Ohm,Velocity,0
Sonic_boom,Speed,0
Gravity,Gravitational_constant,0
Distance,Gravitational_constant,0
Wave,Absorption_spectroscopy,0
Electromagnetic_spectrum,Electromagnetic_radiation,1
Force,Gravity_of_Earth,0
Mass,Kilogram,0
Acceleration,Free_fall,0
Electromotive_force,Energy,1
Electron,Emission_spectrum,0
Electron,Capacitance,0
Distance,Length,0
Force,Lever,0
Displacement_(vector),Acceleration,0
Emission_spectrum,Field_(physics),1
Scalar_(mathematics),Euclidean_vector,0
Energy,Magnet,0
Magnetic_field,Electromagnetic_spectrum,0
Electrostatics,Force,1
Interference_(wave_propagation),Geometrical_optics,0
Amplitude,Frequency,0
Specular_reflection,Ray_(optics),1
Equations_of_motion,Displacement_(vector),1
Relative_velocity,Physics,1
Voltage,Ohm,0
Free_fall,Normal_force,0
Plane_mirror,Reflection_(physics),0
Physics,Transverse_wave,0
Work_(physics),Resultant_force,0
Electroscope,Voltage,0
Physics,Dielectric,0
Free_fall,Euclidean_vector,1
Emission_spectrum,Collision,0
Electromotive_force,Electrical_resistance_and_conductance,0
Electron,Joule,0
Free_fall,Motion_(physics),1
Wave,Refracting_telescope,0
Displacement_(vector),Equations_of_motion,0
Acceleration,Physics,1
Motion_(physics),Distance,0
Field_line,Coulomb's_law,0
Photoelectric_effect,Electroscope,0
Plasticity_(physics),Elasticity_(physics),0
Refraction,Ray_(optics),0
Force,Motion_(physics),0
Scattering,Physics,1
Refraction,Wave,1
Reflection_(physics),Physics,1
Creep_(deformation),Temperature,0
Hooke's_law,Elasticity_(physics),1
Speed,Sound_intensity,0
Scattering,Collision,0
Equations_of_motion,Gravitational_field,0
Work_(physics),Kinetic_energy,0
Physics,Le_Sage's_theory_of_gravitation,0
Refraction,Reflection_(physics),0
Kinetic_energy,Velocity,0
Energy,Field_(physics),0
Electron,Motion_(physics),0
Speed,Field_(physics),0
Field_(physics),Magnetic_field,0
Speed,Refractive_index,0
Ohm,Kilogram,0
Physics,Crest_(physics),0
Frame_of_reference,Motion_(physics),1
Dielectric,Temperature,0
Hooke's_law,Temperature,0
Euclidean_vector,Projectile_motion,0
Acceleration,Relative_velocity,0
Euclidean_vector,Motion_graphs_and_derivatives,0
Physics,Relative_velocity,0
Electromagnetic_radiation,Temperature,0
Position_(vector),Physical_quantity,0
Fracture,Magnet,0
Motion_(physics),Speed,0
Elasticity_(physics),Force,1
Absorption_spectroscopy,Frequency,1
Gravity,Acceleration,0
Mass,Gravitational_acceleration,0
Equations_of_motion,Velocity,1
Electric_current,Magnetic_field,0
Force,Magnetism,0
Electric_potential_energy,Displacement_(vector),1
Force,Gravity,0
Electromagnetic_spectrum,Electric_current,1
Relative_velocity,Distance,1
Wave,Emission_spectrum,0
Electrical_conductor,Physics,1
Joule,Potential_energy,0
Wave,Velocity,0
Emission_spectrum,Electron,1
Force,Normal_force,0
Electric_current,Series_and_parallel_circuits,0
Ray_(optics),Wavelength,0
Lever,Power_(physics),0
Transverse_wave,Wave,1
Frame_of_reference,Inertial_frame_of_reference,0
Refraction,Refracting_telescope,0
Euclidean_vector,Work_(physics),0
Intensity_(physics),Refractive_index,0
Electrical_polarity,Force,0
Electron,Scattering,0
Displacement_(vector),Motion_(physics),1
Force,Electric_current,0
Refracting_telescope,Virtual_image,0
Distance,Displacement_(vector),0
Electromagnetic_radiation,Physics,1
Joule,Kilogram,0
Ray_(optics),Total_internal_reflection,0
Wave,Snell's_law,0
Inelastic_collision,Kinetic_energy,1
Wave,Transmission_medium,0
Geometrical_optics,Real_image,0
Acceleration,Projectile_motion,0
Speed,Dispersion_(optics),0
Light,Dispersion_(optics),0
Velocity,Planet,0
Work_(physics),Power_(physics),0
Mass,Projectile_motion,0
Electrical_conductor,Insulator_(electricity),0
Electric_potential_energy,Electrostatics,0
Friction,Potential_energy,0
Hardness,Force,1
Electric_field,Absorption_spectroscopy,0
Physics,Refraction,0
Relative_velocity,Elastic_collision,0
Geometrical_optics,Virtual_image,0
Physics,Creep_(deformation),0
Geometrical_optics,Refractive_index,0
Magnetic_field,Planet,0
Electromagnetic_radiation,Le_Sage's_theory_of_gravitation,0
Newton's_law_of_universal_gravitation,Energy,0
Relative_velocity,Speed,1
Snell's_law,Electromagnetic_radiation,0
Reflection_(physics),Wave,1
Acceleration,Tension_(physics),0
Force,Strength_of_materials,0
Joule,Electrostatics,0
Capacitance,Planet,0
Magnetic_field,Metre,0
Snell's_law,Reflection_(physics),0
Voltage,Hertz,0
Potential_energy,Velocity,0
Hooke's_law,Physics,1
Light,Transverse_wave,0
Electrical_resistance_and_conductance,Length,0
Interference_(wave_propagation),Laser,0
Energy,Electron,0
Wave,Hertz,0
Euclidean_vector,Field_(physics),0
Projectile_motion,Free_fall,0
Photoelectric_effect,Amplitude,0
Electrostatics,Position_(vector),1
Shock_wave,Rarefaction,0
Emission_spectrum,Energy,1
Magnet,Temperature,0
Elasticity_(physics),Temperature,0
Wave,Crest_(physics),0
Capacitance,Potential_energy,0
Rarefaction,Mass,0
Collision,Velocity,0
Light,Optical_microscope,0
Force,Power_(physics),0
Potential_energy,Gravitational_field,0
Speed,Position_(vector),0
Physics,Plasticity_(physics),0
Gravity_of_Earth,Velocity,1
Hooke's_law,Kilogram,0
Ray_(optics),Specular_reflection,0
Inertial_frame_of_reference,Force,0
Torque,Velocity,0
Friction,Work_(physics),0
Motion_graphs_and_derivatives,Distance,1
Diffraction,Refractive_index,0
Motion_(physics),Doppler_effect,0
Free_fall,Velocity,1
Refractive_index,Electromagnetic_radiation,0
Ohm,Metre,0
Electric_potential_energy,Voltage,0
Magnetic_field,Electric_field,0
Distance,Le_Sage's_theory_of_gravitation,0
Dielectric,Specular_reflection,0
Magnetic_field,Mechanical_energy,0
Mechanical_energy,Physics,1
Physics,Sound_intensity,0
Mass,Field_(physics),0
Frequency,Wavelength,0
Position_(vector),Mass,0
Projectile_motion,Physics,1
Torque,Power_(physics),0
Electromagnetic_radiation,Coulomb's_law,1
Interference_(wave_propagation),Kilogram,0
Wave,Rarefaction,0
Amplitude,Electric_field,0
Angle_of_incidence,Specular_reflection,0
Electromagnetic_radiation,Electric_current,1
Position_(vector),Displacement_(vector),0
Energy,Photoelectric_effect,0
Gravitational_acceleration,Speed,1
Position_(vector),Distance,0
Hooke's_law,Creep_(deformation),0
Absorption_spectroscopy,Length,0
Kinetic_energy,Inelastic_collision,0
Velocity,Gravitational_acceleration,0
Inertial_frame_of_reference,Elastic_collision,0
Physics,Frame_of_reference,0
Magnet,Field_line,0
Hooke's_law,Amplitude,0
Coulomb's_law,Electric_potential,0
Physics,Elasticity_(physics),0
Ohm's_law,Series_and_parallel_circuits,0
Mass,Mechanical_energy,0
Field_line,Mass,0
Telescope,Electromagnetic_spectrum,0
Newton's_laws_of_motion,Motion_(physics),1
Refractive_index,Optical_microscope,0
Inertial_frame_of_reference,Distance,1
Mass,Free_fall,0
Electric_current,Electromagnetic_spectrum,0
Displacement_(vector),Motion_graphs_and_derivatives,0
Collision,Inelastic_collision,0
Motion_(physics),Relative_velocity,0
Electromagnetic_radiation,Voltage,0
Photoelectric_effect,Physics,1
Wave,Wavelength,0
Magnet,Magnetism,0
Temperature,Force,0
Acceleration,Potential_energy,0
Electrical_resistance_and_conductance,Temperature,0
Light,Electromagnetic_spectrum,0
Shock_wave,Temperature,0
Physics,Potential_energy,0
Refractive_index,Transverse_wave,0
Refractive_index,Real_image,0
Frequency,Absorption_spectroscopy,0
Field_(physics),Gravitational_field,0
Wave,Gravitational_field,0
Dielectric,Insulator_(electricity),1
Speed,Energy,0
Potential_energy,Physics,1
Electric_field,Electromagnetic_radiation,0
Contact_force,Friction,0
Electric_potential,Displacement_(vector),1
Electromagnetic_spectrum,Field_(physics),1
Sonic_boom,Shock_wave,0
Physics,Photoelectric_effect,0
Specular_reflection,Distance,0
Le_Sage's_theory_of_gravitation,Motion_(physics),1
Capacitance,Electric_charge,1
Energy,Distance,0
Energy,Gravitational_field,0
Energy,Refraction,0
Refractive_index,Dispersion_(optics),0
Electric_field,Energy,1
Non-inertial_reference_frame,Force,0
Electromagnetic_spectrum,Energy,1
Electric_potential,Electric_field,1
Euclidean_vector,Scalar_(mathematics),0
Voltage,Energy,0
Coulomb's_law,Electromagnetic_radiation,0
Electric_field,Distance,0
Speed,Temperature,0
Distance,Potential_energy,0
Speed,Relative_velocity,0
Emission_spectrum,Force,1
Electromagnetic_radiation,Energy_level,0
Electric_potential,Euclidean_vector,1
Tension_(physics),Potential_energy,0
Le_Sage's_theory_of_gravitation,Planet,0
Voltage,Ohm's_law,0
Lever,Work_(physics),0
Work_(physics),Mechanical_energy,0
Work_(physics),Length,0
Amplitude,Geometrical_optics,0
Hooke's_law,Tension_(physics),0
Field_line,Gravitational_field,0
Magnetism,Voltage,0
Photoelectric_effect,Electromagnetic_spectrum,0
Light,Total_internal_reflection,0
Electromagnetic_radiation,Frequency,0
Electrostatics,Coulomb,0
Electrical_conductor,Capacitance,0
Wavelength,Standing_wave,0
Force,Coulomb,0
Gravitational_field,Force,1
Wave,Specular_reflection,0
Gravitational_acceleration,Acceleration,1
Speed,Doppler_effect,0
Direction_(geometry),Distance,0
Physics,Electrostatics,0
Physics,Magnetism,0
Wavelength,Emission_spectrum,0
Magnetic_field,Equations_of_motion,0
Frequency,Emission_spectrum,0
Elasticity_(physics),Potential_energy,0
Electric_potential,Potential_energy,1
Le_Sage's_theory_of_gravitation,Temperature,0
Laser,Physics,0
Physics,Normal_force,0
Electron,Velocity,0
Direction_(geometry),Euclidean_vector,0
Electric_current,Insulator_(electricity),0
Physics,Equations_of_motion,0
Acceleration,Normal_force,0
Strength_of_materials,Physics,1
Motion_(physics),Electric_potential,0
Work_(physics),Kilogram,0
Collision,Elastic_collision,0
Potential_energy,Kinetic_energy,0
Physics,Newton's_laws_of_motion,0
Mechanical_energy,Velocity,1
Capacitance,Force,0
Speed,Mechanical_energy,0
Electromotive_force,Field_(physics),1
Scattering,Energy,0
Field_line,Velocity,0
Physics,Strength_of_materials,0
Interference_(wave_propagation),Length,0
Fatigue_(material),Strength_of_materials,0
Lever,Distance,0
Electromagnetic_radiation,Field_(physics),1
Voltage,Electron,0
Distance,Work_(physics),0
Refraction,Refractive_index,0
Wavelength,Amplitude,0
Elasticity_(physics),Fatigue_(material),0
Coulomb's_law,Force,0
Potential_energy,Elastic_collision,0
Elastic_collision,Speed,1
Newton's_law_of_universal_gravitation,Coulomb's_law,0
Joule,Voltage,0
Relative_velocity,Motion_(physics),1
Electromagnetic_spectrum,Length,0
Electric_potential,Mass,0
Free_fall,Force,1
Pigment,Subtractive_color,0
Gravitational_field,Gravity,1
Strength_of_materials,Fracture,1
Collision,Distance,0
Wave,Speed,0
Electric_potential_energy,Coulomb's_law,1
Electric_potential,Electron,0
Mass,Planet,0
Electric_potential_energy,Euclidean_vector,1
Refractive_index,Length,0
Electric_potential,Electric_potential_energy,1
Gravity_of_Earth,Mass,1
Dielectric,Dispersion_(optics),0
Acceleration,Distance,1
Crest_(physics),Wave,1
Wave,Sonic_boom,0
Diffraction,Electron,0
Displacement_(vector),Euclidean_vector,1
Field_line,Capacitance,0
Displacement_(vector),Electric_potential_energy,0
Stiffness,Physics,1
Geometrical_optics,Diffraction,0
Mass,Coulomb,0
Collision,Physics,1
Magnetism,Energy,0
Refractive_index,Energy,0
Shock_wave,Speed,1
Position_(vector),Motion_graphs_and_derivatives,0
Gravity,Normal_force,0
Equations_of_motion,Speed,1
Newton's_laws_of_motion,Kilogram,0
Dispersion_(optics),Wave,1
Physics,Inelastic_collision,0
Newton's_laws_of_motion,Force,1
Physics,Gravitational_constant,0
Plasticity_(physics),Fatigue_(material),0
Friction,Mechanical_energy,0
Motion_(physics),Gravity,0
Normal_force,Contact_force,1
Electrostatics,Displacement_(vector),1
Free_fall,Distance,1
Refractive_index,Total_internal_reflection,0
Voltage,Potential_energy,0
Wave,Equations_of_motion,0
Huygens–Fresnel_principle,Frequency,0
Newton's_law_of_universal_gravitation,Mass,0
Snell's_law,Length,0
Electric_field,Potential_energy,0
Electron,Energy,0
Electromagnetic_radiation,Electromagnetic_spectrum,0
Acceleration,Kilogram,0
Physics,Magnetic_field,0
Motion_(physics),Field_(physics),0
Acceleration,Gravitational_acceleration,0
Acceleration,Magnetic_field,0
Plane_mirror,Ray_(optics),0
Motion_(physics),Electric_potential_energy,0
Hardness,Stiffness,0
Electron,Photoelectric_effect,0
Electrostatics,Physics,1
Gravitational_acceleration,Potential_energy,0
Non-inertial_reference_frame,Inertial_frame_of_reference,0
Light,Metre,0
Force,Equations_of_motion,0
Hertz,Wavelength,0
Huygens–Fresnel_principle,Wavelength,0
Electron,Magnet,0
Doppler_effect,Motion_(physics),1
Energy,Hooke's_law,0
Gravity_of_Earth,Speed,1
Friction,Free_body_diagram,0
Electron,Inelastic_collision,0
Emission_spectrum,Mass,0
Hardness,Strength_of_materials,1
Refractive_index,Physics,1
Dispersion_(optics),Velocity,0
Hooke's_law,Energy,0
Angle_of_incidence,Plane_mirror,0
Amplitude,Electric_current,0
Euclidean_vector,Equations_of_motion,0
Physics,Tension_(physics),0
Free_fall,Speed,1
Gravity_of_Earth,Non-inertial_reference_frame,0
Force,Electric_potential,0
Motion_(physics),Refractive_index,0
Elastic_collision,Potential_energy,0
Voltage,Electrostatics,0
Magnetic_field,Electrostatics,0
Electron,Electrical_resistance_and_conductance,0
Hertz,Frequency,1
Displacement_(vector),Mechanical_energy,0
Energy,Electric_field,0
Wave,Scattering,0
Potential_energy,Force,1
Mass,Physics,1
Magnetic_field,Emission_spectrum,0
Speed,Gravitational_field,0
Mirror_image,Plane_mirror,1
Normal_force,Friction,0
Physics,Sonic_boom,0
Electric_field,Electroscope,0
Dielectric,Torque,0
Friction,Lever,0
Refraction,Diffraction,0
Physics,Dispersion_(optics),0
Equations_of_motion,Gravity,0
Hardness,Fracture,1
Electrical_resistance_and_conductance,Joule,0
Plane_mirror,Mirror_image,0
Scalar_multiplication,Position_(vector),0
Field_(physics),Electric_field,0
Ohm's_law,Magnetic_field,0
Energy,Length,0
Electromagnetic_spectrum,Frequency,1
Potential_energy,Length,0
Elastic_collision,Motion_(physics),1
Euclidean_vector,Velocity,0
Hertz,Electromagnetic_radiation,0
Motion_(physics),Motion_graphs_and_derivatives,0
Electron,Electrical_polarity,0
Electric_field,Field_(physics),1
Position_(vector),Work_(physics),0
Electromagnetic_radiation,Absorption_spectroscopy,0
Motion_(physics),Potential_energy,0
Interference_(wave_propagation),Optical_microscope,0
Light,Geometrical_optics,0
Potential_energy,Position_(vector),1
Speed,Inertial_frame_of_reference,0
Curved_mirror,Laser,0
Potential_energy,Motion_(physics),1
Emission_spectrum,Absorption_spectroscopy,0
Distance,Projectile_motion,0
Photoelectric_effect,Length,0
Photoelectric_effect,Frequency,0
Transverse_wave,Equations_of_motion,0
Acceleration,Friction,0
Transmission_medium,Physics,1
Light,Specular_reflection,0
Inelastic_collision,Energy,1
Physics,Mirror_image,0
Gravity_of_Earth,Distance,1
Distance,Shock_wave,0
Length,Hooke's_law,0
Electron,Optical_microscope,0
Wave,Potential_energy,0
Rarefaction,Physics,1
Physics,Standing_wave,0
Electric_field,Dielectric,0
Hooke's_law,Force,1
Power_(physics),Length,0
Speed,Displacement_(vector),0
Reflection_(physics),Light,1
Laser,Dispersion_(optics),0
Acceleration,Newton's_laws_of_motion,0
Series_and_parallel_circuits,Voltage,1
Angle_of_incidence,Refractive_index,0
Coulomb's_law,Electromotive_force,0
Gravitational_field,Normal_force,0
Coulomb's_law,Field_(physics),0
Light,Ray_(optics),0
Contact_force,Normal_force,0
Electric_potential,Energy,1
Hooke's_law,Electric_field,0
Distance,Gravitational_acceleration,0
Voltage,Free_fall,0
Elastic_collision,Velocity,1
Mechanical_energy,Mass,1
Force,Metre,0
Wave,Field_(physics),0
Refraction,Velocity,0
Motion_graphs_and_derivatives,Motion_(physics),1
Refracting_telescope,Gravity,0
Sound,Sonic_boom,0
Lever,Velocity,0
Electron,Collision,0
Optical_microscope,Wavelength,0
Coulomb,Electromotive_force,0
Insulator_(electricity),Electric_current,1
Magnet,Wave,0
Interference_(wave_propagation),Distance,0
Magnetic_field,Tangential_and_normal_components,0
Projectile_motion,Force,1
Torque,Force,1
Wave,Electric_field,0
Gravitational_field,Gravity_of_Earth,0
Friction,Energy,0
Joule,Mass,0
Electric_potential_energy,Distance,1
Acceleration,Length,0
Field_(physics),Electromagnetic_radiation,0
Acceleration,Gravity_of_Earth,0
Electron,Mass,0
Dielectric,Distance,0
Electron,Telescope,0
Voltmeter,Electroscope,0
Euclidean_vector,Mechanical_energy,0
Electron,Coulomb,0
Hardness,Crystallinity,0
Electron,Electric_current,0
Euclidean_vector,Physics,0
Projectile_motion,Acceleration,1
Euclidean_vector,Potential_energy,0
Standing_wave,Wavelength,1
Gravity_of_Earth,Metre,0
Series_and_parallel_circuits,Electric_current,1
Field_line,Force,0
Energy_level,Diffraction,0
Electrical_resistance_and_conductance,Ohmmeter,0
Speed,Gravitational_acceleration,0
Physics,Specular_reflection,0
Electromagnetic_spectrum,Absorption_spectroscopy,1
Work_(physics),Metre,0
Electrical_conductor,Electric_field,0
Voltage,Electromagnetic_spectrum,0
Deformation_(engineering),Force,1
Voltmeter,Amplitude,0
Snell's_law,Refracting_telescope,0
Distance,Contact_force,0
Mechanical_energy,Energy,1
Refractive_index,Motion_(physics),1
Voltage,Equations_of_motion,0
Speed,Transverse_wave,0
Dielectric,Electric_current,1
Tension_(physics),Contact_force,0
Euclidean_vector,Displacement_(vector),0
Electric_current,Power_(physics),0
Scattering,Laser,0
Magnet,Mechanical_energy,0
Free_fall,Position_(vector),1
Magnification,Optical_microscope,0
Wave,Standing_wave,0
Electromagnetic_radiation,Diffraction,0
Electron,Physics,0
Geometrical_optics,Wavelength,0
Intensity_(physics),Electric_field,0
Velocity,Relative_velocity,0
Plane_mirror,Geometrical_optics,0
Newton's_law_of_universal_gravitation,Planet,0
Electromagnetic_radiation,Electron,1
Magnetism,Temperature,0
Acceleration,Force,1
Strength_of_materials,Deformation_(engineering),1
Physics,Force,0
Crest_(physics),Amplitude,0
Electric_current,Emission_spectrum,0
Energy,Work_(physics),0
Hardness,Plasticity_(physics),1
Force,Gravitational_acceleration,0
Electric_potential_energy,Potential_energy,1
Field_(physics),Electric_potential,0
Standing_wave,Physics,1
Sound_intensity,Intensity_(physics),1
Relative_velocity,Inertial_frame_of_reference,0
Force,Acceleration,0
Mass,Gravity,0
Distance,Wavelength,0
Refracting_telescope,Wavelength,0
Le_Sage's_theory_of_gravitation,Distance,1
Telescope,Refracting_telescope,0
Euclidean_vector,Electric_potential,0
Energy,Kilogram,0
Strength_of_materials,Elasticity_(physics),1
Gravitational_acceleration,Distance,1
Elastic_collision,Force,1
Electric_potential,Field_(physics),1
Photoelectric_effect,Force,0
Field_(physics),Electromagnetic_spectrum,0
Physics,Acceleration,0
Ohm,Power_(physics),0
Friction,Collision,0
Work_(physics),Electric_potential_energy,0
Physics,Speed,0
Sonic_boom,Temperature,0
Magnetic_field,Refractive_index,0
Dielectric,Refractive_index,0
Magnetic_field,Force,1
Field_(physics),Velocity,0
Gravitational_acceleration,Gravitational_field,0
Euclidean_vector,Electric_potential_energy,0
Electron,Wavelength,0
Magnet,Compass,0
Magnet,Distance,0
Work_(physics),Displacement_(vector),1
Free_fall,Acceleration,1
Potential_energy,Electric_potential,0
Work_(physics),Energy,1
Energy,Reflection_(physics),0
Potential_energy,Kilogram,0
Refraction,Frequency,0
Motion_(physics),Work_(physics),0
Velocity,Force,0
Force,Electromagnetic_spectrum,0
Emission_spectrum,Wave,1
Acceleration,Sonic_boom,0
Photoelectric_effect,Laser,0
Electron,Force,0
Electrical_resistance_and_conductance,Series_and_parallel_circuits,0
Force,Free_fall,0
Hooke's_law,Metre,0
Interference_(wave_propagation),Refractive_index,0
Work_(physics),Electric_potential,0
Gravity_of_Earth,Acceleration,1
Virtual_image,Light,1
Speed,Euclidean_vector,0
Motion_(physics),Displacement_(vector),0
Electrostatics,Field_(physics),1
Magnetic_field,Electromagnetic_radiation,0
Gravitational_acceleration,Velocity,1
Friction,Euclidean_vector,0
Position_(vector),Gravitational_acceleration,0
Wave,Shock_wave,0
Electron,Temperature,0
Non-inertial_reference_frame,Physics,1
Refraction,Transmission_medium,0
Displacement_(vector),Relative_velocity,0
Transverse_wave,Electromagnetic_spectrum,0
Mass,Force,0
Hertz,Musical_tone,0
Refraction,Wavelength,0
Equations_of_motion,Euclidean_vector,1
Inertial_frame_of_reference,Motion_(physics),1
Electron,Laser,0
Energy,Electromagnetic_spectrum,0
Refraction,Physics,1
Le_Sage's_theory_of_gravitation,Physics,1
Mirror_image,Light,1
Newton's_law_of_universal_gravitation,Field_(physics),0
Sound_intensity,Force,1
Force,Friction,0
Frequency,Hertz,0
Electric_field,Electrostatics,0
Hardness,Physics,1
Motion_(physics),Physics,1
Absorption_spectroscopy,Wave,1
Magnetic_field,Electron,0
Potential_energy,Distance,1
Torque,Metre,0
Crest_(physics),Geometrical_optics,0
Power_(physics),Sound_intensity,0
Ammeter,Metre,0
Energy_level,Frequency,0
Electric_potential,Work_(physics),1
Mass,Torque,0
Elastic_collision,Mass,1
Equations_of_motion,Acceleration,1
Sonic_boom,Distance,0
Absorption_spectroscopy,Physics,1
Energy,Wave,0
Physics,Mass,0
Force,Electromotive_force,0
Photoelectric_effect,Energy,1
Refractive_index,Metre,0
Sound_intensity,Power_(physics),1
Emission_spectrum,Coulomb's_law,1
Electric_field,Electromotive_force,0
Force,Wave,0
Force,Planet,0
Force,Gravitational_field,0
Interference_(wave_propagation),Telescope,0
Velocity,Acceleration,0
Light,Virtual_image,0
Acceleration,Frame_of_reference,0
Interference_(wave_propagation),Physics,1
Electrostatics,Distance,1
Laser,Optical_microscope,0
Field_(physics),Electric_potential_energy,0
Speed,Free_fall,0
Energy,Velocity,0
Speed,Le_Sage's_theory_of_gravitation,0
Frame_of_reference,Force,0
Electron,Light,0
Force,Intensity_(physics),0
Force,Field_(physics),0
Gravity_of_Earth,Position_(vector),1
Specular_reflection,Plane_mirror,0
Insulator_(electricity),Electrostatics,0
Acceleration,Position_(vector),1
Intensity_(physics),Electromagnetic_radiation,0
Electrical_resistance_and_conductance,Distance,0
Shock_wave,Refraction,0
Rarefaction,Transmission_medium,0
Shock_wave,Distance,1
Force,Electric_potential_energy,0
Geometrical_optics,Total_internal_reflection,0
Plasticity_(physics),Physics,1
Electric_potential_energy,Work_(physics),1
Electrical_resistance_and_conductance,Electric_current,1
Magnetic_field,Field_(physics),1
Pigment,Light,0
Force,Work_(physics),0
Motion_(physics),Non-inertial_reference_frame,0
Ray_(optics),Virtual_image,0
Color,Pigment,0
Elasticity_(physics),Physics,1
Sonic_boom,Length,0
Gravitational_constant,Force,1
Amplitude,Dispersion_(optics),0
Motion_graphs_and_derivatives,Position_(vector),1
Equations_of_motion,Physics,1
Electromagnetic_radiation,Refraction,0
Light,Emission_spectrum,0
Magnetic_field,Electromotive_force,0
Sound_intensity,Energy,1
Physics,Gravity_of_Earth,0
Position_(vector),Mechanical_energy,0
Acceleration,Electron,0
Distance,Electrostatics,0
Motion_(physics),Gravitational_acceleration,0
Mass,Normal_force,0
Electromotive_force,Ohm's_law,0
Voltmeter,Electric_potential,0
Electric_potential_energy,Joule,0
Dispersion_(optics),Wavelength,0
Electric_potential,Distance,1
Fracture,Light,0
Friction,Kinetic_energy,0
Transverse_wave,Ray_(optics),0
Magnetic_field,Field_line,0
Frame_of_reference,Physics,1
Gravitational_constant,Gravity,1
Strength_of_materials,Plasticity_(physics),1
Physics,Torque,0
Newton's_law_of_universal_gravitation,Gravity,1
Photoelectric_effect,Electron,1
Newton's_laws_of_motion,Equations_of_motion,0
Motion_(physics),Free_fall,0
Electrical_resistance_and_conductance,Voltage,1
Motion_(physics),Frame_of_reference,0
Light,Inertial_frame_of_reference,0
Velocity,Motion_(physics),1
Fatigue_(material),Physics,1
Dispersion_(optics),Length,0
Emission_spectrum,Energy_level,1
Gravitational_field,Field_(physics),1
Force,Electromagnetic_radiation,0
Velocity,Motion_graphs_and_derivatives,0
Collision,Force,1
Intensity_(physics),Photoelectric_effect,0
Frequency,Electromagnetic_spectrum,0
Joule,Kinetic_energy,0
Power_(physics),Force,1
Standing_wave,Interference_(wave_propagation),1
Electrical_resistance_and_conductance,Force,0
Newton's_laws_of_motion,Inertial_frame_of_reference,0
Euclidean_vector,Normal_force,0
Displacement_(vector),Gravitational_acceleration,0
Friction,Gravity,0
Electron,Coulomb's_law,0
Electric_field,Magnetism,0
Reflection_(physics),Mirror_image,0
Hooke's_law,Lever,0
Electric_potential,Kilogram,0
Interference_(wave_propagation),Electromagnetic_radiation,0
Frame_of_reference,Mass,0
Energy_level,Electron,0
Euclidean_vector,Torque,0
Motion_(physics),Le_Sage's_theory_of_gravitation,0
Telescope,Mass,0
Laser,Diffraction,0
Friction,Contact_force,1
Gravity_of_Earth,Displacement_(vector),1
Refractive_index,Force,0
Laser,Light,1
Speed,Newton's_law_of_universal_gravitation,0
Newton's_law_of_universal_gravitation,Distance,1
Displacement_(vector),Stiffness,0
Inelastic_collision,Collision,1
Diffraction,Physics,1
Electric_field,Equations_of_motion,0
Inelastic_collision,Friction,0
Velocity,Projectile_motion,0
Reflection_(physics),Diffraction,0
Scattering,Light,0
Equations_of_motion,Position_(vector),1
Dielectric,Electric_field,1
Temperature,Field_(physics),0
Energy,Le_Sage's_theory_of_gravitation,0
Magnet,Electromagnetic_radiation,0
Electric_field,Emission_spectrum,0
Scattering,Wave,1
Potential_energy,Mechanical_energy,0
Electrical_conductor,Electromagnetic_radiation,0
Position_(vector),Projectile_motion,0
Gravity_of_Earth,Potential_energy,0
Friction,Speed,0
Wave,Refraction,0
Magnetic_field,Transverse_wave,0
Friction,Dielectric,0
Emission_spectrum,Temperature,0
Interference_(wave_propagation),Wave,1
Insulator_(electricity),Electrical_resistance_and_conductance,0
Emission_spectrum,Electromagnetic_radiation,1
Work_(physics),Motion_(physics),1
Mechanical_energy,Motion_(physics),1
Mass,Potential_energy,0
Hooke's_law,Scalar_(mathematics),0
Frame_of_reference,Non-inertial_reference_frame,0
Kinetic_energy,Energy,1
Elasticity_(physics),Stiffness,0
Doppler_effect,Velocity,1
Dispersion_(optics),Physics,1
Electrostatics,Potential_energy,1
Electron,Wave,0
Work_(physics),Torque,0
Hardness,Energy,0
Mechanical_energy,Distance,1
Displacement_(vector),Gravity_of_Earth,0
Shock_wave,Mass,0
Snell's_law,Refraction,1
Magnification,Reflection_(physics),0
Mechanical_energy,Collision,0
Acceleration,Inertial_frame_of_reference,0
Magnetism,Coulomb's_law,0
Position_(vector),Gravity_of_Earth,0
Electron,Hertz,0
Energy,Kinetic_energy,0
Magnet,Kilogram,0
Amplitude,Interference_(wave_propagation),0
Distance,Snell's_law,0
Sound_intensity,Sound,1
Amplitude,Snell's_law,0
Speed,Normal_force,0
Scalar_(mathematics),Scalar_multiplication,0
Deformation_(engineering),Physics,1
Tension_(physics),Force,1
Electron,Angle_of_incidence,0
Sonic_boom,Doppler_effect,0
Work_(physics),Force,1
Temperature,Kinetic_energy,0
Huygens–Fresnel_principle,Amplitude,1
Electron,Insulator_(electricity),0
Newton's_law_of_universal_gravitation,Gravitational_acceleration,0
Interference_(wave_propagation),Velocity,0
Frequency,Wave,0
Joule,Capacitance,0
Electric_potential_energy,Electron,0
Velocity,Physics,1
Magnetism,Compass,0
Gravity,Free_fall,0
Angle_of_incidence,Snell's_law,0
Reflection_(physics),Plane_mirror,0
Refractive_index,Electromagnetic_spectrum,0
Magnet,Voltage,0
Euclidean_vector,Distance,0
Distance,Inertial_frame_of_reference,0
Acceleration,Gravitational_field,0
Elasticity_(physics),Deformation_(engineering),1
Wave,Refractive_index,0
Physics,Gravitational_field,0
Real_image,Virtual_image,0
Virtual_image,Length,0
Electric_potential_energy,Capacitance,0
Acceleration,Equations_of_motion,0
Refraction,Temperature,0
Force,Magnetic_field,0
Intensity_(physics),Distance,0
Amplitude,Wave,0
Position_(vector),Equations_of_motion,0
Physics,Hooke's_law,0
Laser,Wavelength,0
Physics,Deformation_(engineering),0
Acceleration,Hooke's_law,0
Wavelength,Refractive_index,0
Field_(physics),Distance,0
Light,Snell's_law,0
Electromagnetic_radiation,Emission_spectrum,0
Friction,Length,0
Elastic_collision,Inertial_frame_of_reference,0
Joule,Force,0
Velocity,Free_fall,0
Snell's_law,Dispersion_(optics),0
Joule,Ohm,0
Distance,Newton's_law_of_universal_gravitation,0
Telescope,Wavelength,0
Inelastic_collision,Force,1
Kinetic_energy,Collision,0
Physics,Gravity,0
Electric_current,Equations_of_motion,0
Free_fall,Gravity,1
Temperature,Electromagnetic_spectrum,0
Amplitude,Equations_of_motion,0
Electromagnetic_spectrum,Magnet,1
Refraction,Total_internal_reflection,0
Distance,Velocity,0
Displacement_(vector),Length,0
Photoelectric_effect,Wave,0
Distance,Gravitational_field,0
Angle_of_incidence,Refraction,0
Electric_current,Electromotive_force,0
Reflection_(physics),Specular_reflection,0
Acceleration,Speed,1
Mass,Kinetic_energy,0
Kinetic_energy,Mass,1
Electric_potential_energy,Motion_(physics),1
Ohm's_law,Electrical_resistance_and_conductance,0
Doppler_effect,Distance,1
Light,Electromagnetic_radiation,0
Electric_potential_energy,Electric_field,1
Torque,Physics,1
Hertz,Electromagnetic_spectrum,0
Motion_(physics),Equations_of_motion,0
Mass,Gravitational_field,0
Electric_field,Euclidean_vector,0
Work_(physics),Distance,1
Magnetic_field,Euclidean_vector,0
Wave,Distance,0
Energy,Shock_wave,0
Newton's_laws_of_motion,Physics,1
Real_image,Ray_(optics),0
Newton's_law_of_universal_gravitation,Telescope,0
Lever,Force,1
Distance,Relative_velocity,0
Gravitational_field,Kilogram,0
Displacement_(vector),Electric_potential,0
Physics,Electromotive_force,0
Standing_wave,Energy_level,0
Refractive_index,Angle_of_incidence,1
Joule,Metre,0
Magnet,Energy,0
Fracture,Creep_(deformation),0
Le_Sage's_theory_of_gravitation,Gravity,1
Insulator_(electricity),Velocity,0
Inertial_frame_of_reference,Length,0
Intensity_(physics),Metre,0
Physics,Work_(physics),0
Projectile_motion,Displacement_(vector),1
Inelastic_collision,Le_Sage's_theory_of_gravitation,0
Energy,Force,0
Position_(vector),Electrostatics,0
Field_line,Field_(physics),0
Intensity_(physics),Kinetic_energy,0
Lever,Torque,0
Euclidean_vector,Length,0
Dispersion_(optics),Distance,0
Electrical_conductor,Dielectric,0
Gravity,Projectile_motion,0
Mass,Inertial_frame_of_reference,0
Interference_(wave_propagation),Amplitude,1
Mechanical_energy,Work_(physics),1
Series_and_parallel_circuits,Electrical_resistance_and_conductance,1
Compass,Direction_(geometry),0
Fatigue_(material),Force,1
Free_fall,Mass,1
Mechanical_energy,Potential_energy,1
Euclidean_vector,Acceleration,0
Magnet,Electric_current,0
Tension_(physics),Velocity,0
Distance,Mechanical_energy,0
Magnet,Emission_spectrum,0
Tension_(physics),Length,0
Gravitational_constant,Distance,1
Magnetism,Velocity,0
Elasticity_(physics),Field_(physics),0
Force,Deformation_(engineering),0
Work_(physics),Mass,0
Magnetic_field,Distance,0
Electric_potential_energy,Position_(vector),1
Ray_(optics),Geometrical_optics,0
Electromagnetic_spectrum,Physics,1
Physics,Kinetic_energy,0
Wave,Diffraction,0
Magnetism,Metre,0
Motion_(physics),Snell's_law,0
Gravitational_acceleration,Free_fall,0
Velocity,Distance,1
Wavelength,Electromagnetic_spectrum,0
Wavelength,Light,0
Frequency,Standing_wave,0
Geometrical_optics,Ray_(optics),1
Creep_(deformation),Physics,1
Physics,Energy_level,0
Dielectric,Magnet,0
Gravity,Le_Sage's_theory_of_gravitation,0
Motion_(physics),Planet,0
Electromagnetic_radiation,Power_(physics),0
Electric_field,Reflection_(physics),0
Refracting_telescope,Telescope,1
Electron,Electric_field,0
Wave,Mirror_image,0
Magnet,Electromotive_force,0
Force,Distance,0
Projectile_motion,Distance,1
Ohm,Ohm's_law,0
Speed,Metre,0
Newton's_law_of_universal_gravitation,Force,1
Coulomb's_law,Electrostatics,0
Inelastic_collision,Mechanical_energy,0
Distance,Refractive_index,0
Physics,Inertial_frame_of_reference,0
Magnet,Torque,0
Physics,Free_fall,0
Amplitude,Field_(physics),0
Friction,Gravitational_acceleration,0
Interference_(wave_propagation),Metre,0
Amplitude,Displacement_(vector),0
Refractive_index,Ray_(optics),0
Distance,Speed,0
Mirror_image,Geometrical_optics,0
Force,Contact_force,0
Electric_current,Dielectric,0
Refraction,Dispersion_(optics),0
Wave,Amplitude,0
Mirror_image,Wave,1
Gravitational_field,Physics,1
Potential_energy,Displacement_(vector),1
Mechanical_energy,Kinetic_energy,1
Plasticity_(physics),Deformation_(engineering),1
Position_(vector),Velocity,0
Optical_microscope,Light,1
Mass,Inelastic_collision,0
Refractive_index,Distance,1
Deformation_(engineering),Hooke's_law,0
Speed,Acceleration,0
Electric_field,Electromagnetic_spectrum,0
Virtual_image,Mirror_image,0
Tension_(physics),Transverse_wave,0
Field_(physics),Coulomb,0
Electric_potential,Coulomb,0
Elastic_collision,Mechanical_energy,0
Force,Hooke's_law,0
Friction,Le_Sage's_theory_of_gravitation,0
Physics,Fatigue_(material),0
Elasticity_(physics),Distance,0
Dispersion_(optics),Geometrical_optics,0
Standing_wave,Hertz,0
Magnet,Potential_energy,0
Light,Laser,0
Velocity,Intensity_(physics),0
Electromotive_force,Electric_field,1
Work_(physics),Physics,1
Electromagnetic_radiation,Force,1
Energy,Electric_potential,0
Velocity,Wavelength,0
Gravity,Newton's_law_of_universal_gravitation,0
Temperature,Mass,0
Wavelength,Wave,1
Mass,Length,0
Plasticity_(physics),Force,1
Potential_energy,Electrostatics,0
Compass,Force,0
Emission_spectrum,Physics,1
Newton's_laws_of_motion,Gravitational_field,0
Plasticity_(physics),Strength_of_materials,0
Electromotive_force,Work_(physics),0
Magnetic_field,Wavelength,0
Physics,Total_internal_reflection,0
Electric_potential,Position_(vector),1
Distance,Motion_graphs_and_derivatives,0
Intensity_(physics),Amplitude,0
Equations_of_motion,Distance,1
Specular_reflection,Total_internal_reflection,0
Light,Refraction,0
Shock_wave,Motion_(physics),1
Physics,Interference_(wave_propagation),0
Electromagnetic_spectrum,Electron,1
Mechanical_energy,Euclidean_vector,1
Refracting_telescope,Physics,1
Acceleration,Euclidean_vector,1
Electromotive_force,Magnetism,0
Electric_field,Insulator_(electricity),0
Magnetism,Magnet,1
Electromagnetic_radiation,Wavelength,0
Potential_energy,Coulomb,0
Amplitude,Electromagnetic_radiation,0
Physics,Absorption_spectroscopy,0
Geometrical_optics,Light,1
Force,Newton's_law_of_universal_gravitation,0
Plasticity_(physics),Fracture,0
Plane_mirror,Real_image,0
Speed,Hertz,0
Motion_(physics),Shock_wave,0
Electric_field,Gravitational_field,0
Force,Gravitational_constant,0
Fatigue_(material),Elasticity_(physics),1
Photoelectric_effect,Wavelength,0
Elastic_collision,Relative_velocity,1
Physics,Mechanical_energy,0
Stiffness,Creep_(deformation),0
Elasticity_(physics),Displacement_(vector),0
Amplitude,Sound_intensity,0
Hooke's_law,Potential_energy,0
Electron,Doppler_effect,0
Electric_field,Field_line,0
Geometrical_optics,Refraction,0
Snell's_law,Physics,1
Force,Newton's_laws_of_motion,0
Wavelength,Physics,1
Electric_field,Metre,0
Electromotive_force,Electric_current,1
Total_internal_reflection,Angle_of_incidence,1
Gravity_of_Earth,Gravitational_acceleration,0
Standing_wave,Laser,0
Telescope,Dispersion_(optics),0
Emission_spectrum,Electric_field,1
Friction,Electrical_resistance_and_conductance,0
Energy,Coulomb,0
Electric_potential_energy,Physics,1
Physics,Power_(physics),0
Diffraction,Plane_mirror,0
Motion_(physics),Kinetic_energy,0
Physics,Intensity_(physics),0
Electromagnetic_radiation,Scattering,0
Speed,Force,0
Hooke's_law,Displacement_(vector),0
Snell's_law,Distance,1
Real_image,Optical_microscope,0
Electric_current,Electrical_conductor,0
Electric_current,Field_(physics),0
Snell's_law,Angle_of_incidence,1
Mechanical_energy,Force,1
Work_(physics),Euclidean_vector,1
Stiffness,Length,0
Mass,Frequency,0
Position_(vector),Length,0
Mass,Equations_of_motion,0
Contact_force,Physics,1
Le_Sage's_theory_of_gravitation,Coulomb,0
Dispersion_(optics),Color,1
Standing_wave,Wave,1
Magnet,Magnetic_field,0
Force,Collision,0
Energy,Inelastic_collision,0
Temperature,Fatigue_(material),0
Relative_velocity,Doppler_effect,0
Curved_mirror,Plane_mirror,0
Physics,Refracting_telescope,0
Physics,Scattering,0
Acceleration,Mass,0
Gravitational_acceleration,Mass,1
Capacitance,Dielectric,0
Specular_reflection,Reflection_(physics),1
Energy,Metre,0
Mechanical_energy,Energy_level,0
Dielectric,Field_(physics),1
Voltage,Capacitance,0
Electromotive_force,Coulomb's_law,1
Lever,Physics,1
Motion_graphs_and_derivatives,Velocity,1
Interference_(wave_propagation),Wavelength,1
Electric_potential,Physics,1
Electromagnetic_spectrum,Light,1
Stiffness,Force,1
Mass,Le_Sage's_theory_of_gravitation,0
Magnetic_field,Length,0
Voltage,Series_and_parallel_circuits,0
Physics,Velocity,0
Magnetic_field,Work_(physics),0
